{"dataset":{"0":"MSRC-v1"},"ACC":{"0":0.5523809524},"NMI":{"0":0.5616498524},"PUR":{"0":0.5523809524}}